yearID,City,Nickname,Team Name,Park,Attendance,Avg
2000,Anaheim,Angels,Anaheim Angels,Edison International Field,2066982,25518
2000,Baltimore,Orioles,Baltimore Orioles,Oriole Park at Camden Yards,3297031,40704
2000,Boston,Red Sox,Boston Red Sox,Fenway Park II,2585895,31925
2000,Chicago,White Sox,Chicago White Sox,Comiskey Park II,1947799,24047
2000,Cleveland,Indians,Cleveland Indians,Jacobs Field,3456278,42670
2000,Detroit,Tigers,Detroit Tigers,Comerica Park,2438617,30106
2000,Kansas City,Royals,Kansas City Royals,Kauffman Stadium,1564847,19319
2000,Minnesota,Twins,Minnesota Twins,Hubert H Humphrey Metrodome,1000760,12355
2000,New York,Yankees,New York Yankees,Yankee Stadium II,3055435,38193
2000,Oakland,Athletics,Oakland Athletics,Oakland Coliseum,1603744,19799
2000,Seattle,Mariners,Seattle Mariners,Safeco Field,2914624,35983
2000,Tampa,Bay Devil Rays,Tampa Bay Devil Rays,Tropicana Field,1449673,18121
2000,Texas,Rangers,Texas Rangers,The Ballpark at Arlington,2588401,31956
2000,Toronto,Blue Jays,Toronto Blue Jays,Skydome,1705712,21058
2000,Arizona,Diamondbacks,Arizona Diamondbacks,Bank One Ballpark,2942251,36324
2000,Atlanta,Braves,Atlanta Braves,Turner Field,3234304,39930
2000,Chicago,Cubs,Chicago Cubs,Wrigley Field,2789511,34438
2000,Cincinnati,Reds,Cincinnati Reds,Cinergy Field,2577371,31431
2000,Colorado,Rockies,Colorado Rockies,Coors Field,3295129,40681
2000,Florida,Marlins,Florida Marlins,Pro Player Stadium,1218326,15041
2000,Houston,Astros,Houston Astros,Enron Field,3056139,37730
2000,Los Angeles,Dodgers,Los Angeles Dodgers,Dodger Stadium,2880242,35559
2000,Milwaukee,Brewers,Milwaukee Brewers,County Stadium,1573621,19427
2000,Montreal,Expos,Montreal Expos,Stade Olympique,926272,11435
2000,New York,Mets,New York Mets,Shea Stadium,2820530,34821
2000,Philadelphia,Phillies,Philadelphia Phillies,Veterans Stadium,1612769,19911
2000,Pittsburgh,Pirates,Pittsburgh Pirates,Three Rivers Stadium,1748908,21591
2000,San Diego,Padres,San Diego Padres,Qualcomm Stadium,2352443,29043
2000,San Francisco,Giants,San Francisco Giants,PacBell Park,3318800,40973
2000,St. Louis,Cardinals,St. Louis Cardinals,Busch Stadium II,3336493,41191
2001,Anaheim,Angels,Anaheim Angels,Edison International Field,2000919,24703
2001,Baltimore,Orioles,Baltimore Orioles,Oriole Park at Camden Yards,3094841,38686
2001,Boston,Red Sox,Boston Red Sox,Fenway Park II,2625333,32412
2001,Chicago,White Sox,Chicago White Sox,Comiskey Park II,1766172,21805
2001,Cleveland,Indians,Cleveland Indians,Jacobs Field,3175523,39694
2001,Detroit,Tigers,Detroit Tigers,Comerica Park,1921305,23720
2001,Kansas City,Royals,Kansas City Royals,Kauffman Stadium,1536371,18968
2001,Minnesota,Twins,Minnesota Twins,Hubert H Humphrey Metrodome,1782929,22011
2001,New York,Yankees,New York Yankees,Yankee Stadium II,3264907,40811
2001,Oakland,Athletics,Oakland Athletics,Oakland Coliseum,2133277,26337
2001,Seattle,Mariners,Seattle Mariners,Safeco Field,3507326,43300
2001,Tampa,Bay Devil Rays,Tampa Bay Devil Rays,Tropicana Field,1298365,16029
2001,Texas,Rangers,Texas Rangers,The Ballpark at Arlington,2831021,34525
2001,Toronto,Blue Jays,Toronto Blue Jays,Skydome,1915438,23359
2001,Arizona,Diamondbacks,Arizona Diamondbacks,Bank One Ballpark,2736451,33783
2001,Atlanta,Braves,Atlanta Braves,Turner Field,2823530,34858
2001,Chicago,Cubs,Chicago Cubs,Wrigley Field,2779465,34314
2001,Cincinnati,Reds,Cincinnati Reds,Cinergy Field,1879757,23207
2001,Colorado,Rockies,Colorado Rockies,Coors Field,3166821,39097
2001,Florida,Marlins,Florida Marlins,Pro Player Stadium,1261226,15765
2001,Houston,Astros,Houston Astros,Enron Field,2904277,35855
2001,Los Angeles,Dodgers,Los Angeles Dodgers,Dodger Stadium,3017143,37249
2001,Milwaukee,Brewers,Milwaukee Brewers,Miller Park,2811041,34704
2001,Montreal,Expos,Montreal Expos,Stade Olympique,642745,7935
2001,New York,Mets,New York Mets,Shea Stadium,2658330,32819
2001,Philadelphia,Phillies,Philadelphia Phillies,Veterans Stadium,1782054,22001
2001,Pittsburgh,Pirates,Pittsburgh Pirates,PNC Park,2464870,30430
2001,San Diego,Padres,San Diego Padres,Qualcomm Stadium,2378128,29360
2001,San Francisco,Giants,San Francisco Giants,PacBell Park,3311958,40888
2001,St. Louis,Cardinals,St. Louis Cardinals,Busch Stadium II,3109578,37922
2002,Anaheim,Angels,Anaheim Angels,Edison International Field,2305547,28464
2002,Baltimore,Orioles,Baltimore Orioles,Oriole Park at Camden Yards,2682439,33117
2002,Boston,Red Sox,Boston Red Sox,Fenway Park II,2650862,32727
2002,Chicago,White Sox,Chicago White Sox,Comiskey Park II,1676911,20703
2002,Cleveland,Indians,Cleveland Indians,Jacobs Field,2616940,32308
2002,Detroit,Tigers,Detroit Tigers,Comerica Park,1503623,18795
2002,Kansas City,Royals,Kansas City Royals,Kauffman Stadium,1323036,17182
2002,Minnesota,Twins,Minnesota Twins,Hubert H Humphrey Metrodome,1924473,23759
2002,New York,Yankees,New York Yankees,Yankee Stadium II,3465807,43323
2002,Oakland,Athletics,Oakland Athletics,Oakland Coliseum,2169811,26788
2002,Seattle,Mariners,Seattle Mariners,Safeco Field,3542938,43740
2002,Tampa,Bay Devil Rays,Tampa Bay Devil Rays,Tropicana Field,1065742,13157
2002,Texas,Rangers,Texas Rangers,The Ballpark at Arlington,2352397,29405
2002,Toronto,Blue Jays,Toronto Blue Jays,Skydome,1637900,20221
2002,Arizona,Diamondbacks,Arizona Diamondbacks,Bank One Ballpark,3198977,39494
2002,Atlanta,Braves,Atlanta Braves,Turner Field,2603484,32142
2002,Chicago,Cubs,Chicago Cubs,Wrigley Field,2693096,34527
2002,Cincinnati,Reds,Cincinnati Reds,Cinergy Field,1855787,23197
2002,Colorado,Rockies,Colorado Rockies,Coors Field,2737838,33800
2002,Florida,Marlins,Florida Marlins,Pro Player Stadium,813118,10038
2002,Houston,Astros,Houston Astros,Minute Maid Park,2517357,31078
2002,Los Angeles,Dodgers,Los Angeles Dodgers,Dodger Stadium,3131255,38657
2002,Milwaukee,Brewers,Milwaukee Brewers,Miller Park,1969153,24311
2002,Montreal,Expos,Montreal Expos,Stade Olympique,812045,10025
2002,New York,Mets,New York Mets,Shea Stadium,2804838,35959
2002,Philadelphia,Phillies,Philadelphia Phillies,Veterans Stadium,1618467,20487
2002,Pittsburgh,Pirates,Pittsburgh Pirates,PNC Park,1784988,22595
2002,San Diego,Padres,San Diego Padres,Qualcomm Stadium,2220601,27415
2002,San Francisco,Giants,San Francisco Giants,PacBell Park,3253203,40163
2002,St. Louis,Cardinals,St. Louis Cardinals,Busch Stadium II,3011756,37182
2003,Anaheim,Angels,Anaheim Angels,Edison International Field,3061094,37330
2003,Baltimore,Orioles,Baltimore Orioles,Oriole Park at Camden Yards,2454523,30303
2003,Boston,Red Sox,Boston Red Sox,Fenway Park II,2724165,33632
2003,Chicago,White Sox,Chicago White Sox,U.S. Cellular Field,1939524,23945
2003,Cleveland,Indians,Cleveland Indians,Jacobs Field,1730002,21358
2003,Detroit,Tigers,Detroit Tigers,Comerica Park,1368245,16892
2003,Kansas City,Royals,Kansas City Royals,Kauffman Stadium,1779895,22249
2003,Minnesota,Twins,Minnesota Twins,Hubert H Humphrey Metrodome,1946011,24025
2003,New York,Yankees,New York Yankees,Yankee Stadium II,3465600,42263
2003,Oakland,Athletics,Oakland Athletics,Oakland Coliseum,2216596,27365
2003,Seattle,Mariners,Seattle Mariners,Safeco Field,3268509,40352
2003,Tampa,Bay Devil Rays,Tampa Bay Devil Rays,Tropicana Field,1058695,13070
2003,Texas,Rangers,Texas Rangers,The Ballpark at Arlington,2094394,25857
2003,Toronto,Blue Jays,Toronto Blue Jays,Skydome,1799458,22216
2003,Arizona,Diamondbacks,Arizona Diamondbacks,Bank One Ballpark,2805542,34636
2003,Atlanta,Braves,Atlanta Braves,Turner Field,2401084,29643
2003,Chicago,Cubs,Chicago Cubs,Wrigley Field,2962630,36576
2003,Cincinnati,Reds,Cincinnati Reds,Great American Ball Park,2355259,29077
2003,Colorado,Rockies,Colorado Rockies,Coors Field,2334085,28816
2003,Florida,Marlins,Florida Marlins,Pro Player Stadium,1303215,16089
2003,Houston,Astros,Houston Astros,Minute Maid Park,2454241,30299
2003,Los Angeles,Dodgers,Los Angeles Dodgers,Dodger Stadium,3138626,38748
2003,Milwaukee,Brewers,Milwaukee Brewers,Miller Park,1700354,20992
2003,Montreal,Expos,Montreal Expos,Stade Olympique/Hiram Bithorn Stadium,1025639,12662
2003,New York,Mets,New York Mets,Shea Stadium,2140599,26757
2003,Philadelphia,Phillies,Philadelphia Phillies,Veterans Stadium,2259948,27901
2003,Pittsburgh,Pirates,Pittsburgh Pirates,PNC Park,1636751,20207
2003,San Diego,Padres,San Diego Padres,Qualcomm Stadium,2030084,25063
2003,San Francisco,Giants,San Francisco Giants,PacBell Park,3264898,40307
2003,St. Louis,Cardinals,St. Louis Cardinals,Busch Stadium II,2910386,35931
2004,Anaheim,Angels,Anaheim Angels,Angels Stadium of Anaheim,3375677,41675
2004,Baltimore,Orioles,Baltimore Orioles,Oriole Park at Camden Yards,2744018,33877
2004,Boston,Red Sox,Boston Red Sox,Fenway Park II,2837294,35028
2004,Chicago,White Sox,Chicago White Sox,U.S. Cellular Field,1930537,23834
2004,Cleveland,Indians,Cleveland Indians,Jacobs Field,1814401,22400
2004,Detroit,Tigers,Detroit Tigers,Comerica Park,1917004,23667
2004,Kansas City,Royals,Kansas City Royals,Kauffman Stadium,1661478,20768
2004,Minnesota,Twins,Minnesota Twins,Hubert H Humphrey Metrodome,1911490,23599
2004,New York,Yankees,New York Yankees,Yankee Stadium II,3775292,46609
2004,Oakland,Athletics,Oakland Athletics,Network Associates Coliseum,2201516,27179
2004,Seattle,Mariners,Seattle Mariners,Safeco Field,2940731,35863
2004,Tampa,Bay Devil Rays,Tampa Bay Devil Rays,Tropicana Field,1274911,15936
2004,Texas,Rangers,Texas Rangers,The Ballpark at Arlington,2513685,31033
2004,Toronto,Blue Jays,Toronto Blue Jays,Skydome,1900041,23457
2004,Arizona,Diamondbacks,Arizona Diamondbacks,Bank One Ballpark,2519560,31106
2004,Atlanta,Braves,Atlanta Braves,Turner Field,2327565,28735
2004,Chicago,Cubs,Chicago Cubs,Wrigley Field,3170154,38660
2004,Cincinnati,Reds,Cincinnati Reds,Great American Ball Park,2287250,28238
2004,Colorado,Rockies,Colorado Rockies,Coors Field,2338069,28865
2004,Florida,Marlins,Florida Marlins,Pro Player Stadium,1723105,21539
2004,Houston,Astros,Houston Astros,Minute Maid Park,3087872,38122
2004,Los Angeles,Dodgers,Los Angeles Dodgers,Dodger Stadium,3488283,43065
2004,Milwaukee,Brewers,Milwaukee Brewers,Miller Park,2062382,25462
2004,Montreal,Expos,Montreal Expos,Stade Olympique/Hiram Bithorn Stadium,749550,9369
2004,New York,Mets,New York Mets,Shea Stadium,2318951,28629
2004,Philadelphia,Phillies,Philadelphia Phillies,Citizens Bank Park,3250092,40125
2004,Pittsburgh,Pirates,Pittsburgh Pirates,PNC Park,1580031,19750
2004,San Diego,Padres,San Diego Padres,Petco Park,3016752,37244
2004,San Francisco,Giants,San Francisco Giants,SBC Park,3256854,39718
2004,St. Louis,Cardinals,St. Louis Cardinals,Busch Stadium II,3048427,37635
2005,Baltimore,Orioles,Baltimore Orioles,Oriole Park at Camden Yards,2624740,32404
2005,Boston,Red Sox,Boston Red Sox,Fenway Park II,2847888,35159
2005,Chicago,White Sox,Chicago White Sox,U.S. Cellular Field,2342833,28924
2005,Cleveland,Indians,Cleveland Indians,Jacobs Field,2013763,24861
2005,Detroit,Tigers,Detroit Tigers,Comerica Park,2024431,24993
2005,Kansas City,Royals,Kansas City Royals,Kauffman Stadium,1371181,16928
2005,Los Angeles,Angels of Anaheim,Los Angeles Angels of Anaheim,Angel Stadium,3404686,42033
2005,Minnesota,Twins,Minnesota Twins,Hubert H Humphrey Metrodome,2034243,25114
2005,New York,Yankees,New York Yankees,Yankee Stadium II,4090696,50502
2005,Oakland,Athletics,Oakland Athletics,McAfee Coliseum,2109118,26038
2005,Seattle,Mariners,Seattle Mariners,Safeco Field,2725459,33648
2005,Tampa,Bay Devil Rays,Tampa Bay Devil Rays,Tropicana Field,1141669,14095
2005,Texas,Rangers,Texas Rangers,Ameriquest Field,2525221,31176
2005,Toronto,Blue Jays,Toronto Blue Jays,Rogers Centre,2014995,24876
2005,Arizona,Diamondbacks,Arizona Diamondbacks,Bank One Ballpark,2059424,25425
2005,Atlanta,Braves,Atlanta Braves,Turner Field,2521167,31126
2005,Chicago,Cubs,Chicago Cubs,Wrigley Field,3099992,38272
2005,Cincinnati,Reds,Cincinnati Reds,Great American Ball Park,1943067,23696
2005,Colorado,Rockies,Colorado Rockies,Coors Field,1914389,23634
2005,Florida,Marlins,Florida Marlins,Dolphin Stadium,1852608,22872
2005,Houston,Astros,Houston Astros,Minute Maid Park,2804760,34627
2005,Los Angeles,Dodgers,Los Angeles Dodgers,Dodger Stadium,3603646,44489
2005,Milwaukee,Brewers,Milwaukee Brewers,Miller Park,2211023,27297
2005,New York,Mets,New York Mets,Shea Stadium,2829929,34937
2005,Philadelphia,Phillies,Philadelphia Phillies,Citizens Bank Park,2665304,32905
2005,Pittsburgh,Pirates,Pittsburgh Pirates,PNC Park,1817245,22435
2005,San Diego,Padres,San Diego Padres,Petco Park,2869787,35429
2005,San Francisco,Giants,San Francisco Giants,SBC Park,3181023,39272
2005,St. Louis,Cardinals,St. Louis Cardinals,Busch Stadium II,3538988,43691
2005,Washington,Nationals,Washington Nationals,R.F.K. Stadium,2731993,33728
2006,Baltimore,Orioles,Baltimore Orioles,Oriole Park at Camden Yards,2153139,26582
2006,Boston,Red Sox,Boston Red Sox,Fenway Park II,2930588,36180
2006,Chicago,White Sox,Chicago White Sox,U.S. Cellular Field,2957414,36511
2006,Cleveland,Indians,Cleveland Indians,Jacobs Field,1997995,24667
2006,Detroit,Tigers,Detroit Tigers,Comerica Park,2595937,32049
2006,Kansas City,Royals,Kansas City Royals,Kauffman Stadium,1372638,16946
2006,Los Angeles,Angels of Anaheim,Los Angeles Angels of Anaheim,Angel Stadium,3406790,42059
2006,Minnesota,Twins,Minnesota Twins,Hubert H Humphrey Metrodome,2285018,28210
2006,New York,Yankees,New York Yankees,Yankee Stadium II,4248067,52445
2006,Oakland,Athletics,Oakland Athletics,McAfee Coliseum,1976625,24403
2006,Seattle,Mariners,Seattle Mariners,Safeco Field,2481165,30632
2006,Tampa,Bay Devil Rays,Tampa Bay Devil Rays,Tropicana Field,1368950,16901
2006,Texas,Rangers,Texas Rangers,Ameriquest Field,2388757,29491
2006,Toronto,Blue Jays,Toronto Blue Jays,Rogers Centre,2302212,28422
2006,Arizona,Diamondbacks,Arizona Diamondbacks,Chase Field,2091685,25823
2006,Atlanta,Braves,Atlanta Braves,Turner Field,2550524,31488
2006,Chicago,Cubs,Chicago Cubs,Wrigley Field,3123215,38558
2006,Cincinnati,Reds,Cincinnati Reds,Great American Ball Park,2134607,26032
2006,Colorado,Rockies,Colorado Rockies,Coors Field,2104362,25980
2006,Florida,Marlins,Florida Marlins,Dolphin Stadium,1164134,14372
2006,Houston,Astros,Houston Astros,Minute Maid Park,3022763,37318
2006,Los Angeles,Dodgers,Los Angeles Dodgers,Dodger Stadium,3758545,46402
2006,Milwaukee,Brewers,Milwaukee Brewers,Miller Park,2335643,28835
2006,New York,Mets,New York Mets,Shea Stadium,3379535,41723
2006,Philadelphia,Phillies,Philadelphia Phillies,Citizens Bank Park,2701815,33356
2006,Pittsburgh,Pirates,Pittsburgh Pirates,PNC Park,1861549,22982
2006,San Diego,Padres,San Diego Padres,Petco Park,2659757,32837
2006,San Francisco,Giants,San Francisco Giants,AT&T Park,3130313,38646
2006,St. Louis,Cardinals,St. Louis Cardinals,Busch Stadium III,3407104,42589
2006,Washington,Nationals,Washington Nationals,R.F.K. Stadium,2153056,26581
2007,Baltimore,Orioles,Baltimore Orioles,Oriole Park at Camden Yards,2164822,26726
2007,Boston,Red Sox,Boston Red Sox,Fenway Park II,2970755,36676
2007,Chicago,White Sox,Chicago White Sox,U.S. Cellular Field,2684395,33141
2007,Cleveland,Indians,Cleveland Indians,Jacobs Field,2275912,28449
2007,Detroit,Tigers,Detroit Tigers,Comerica Park,3047133,37619
2007,Kansas City,Royals,Kansas City Royals,Kauffman Stadium,1616867,19961
2007,Los Angeles,Angels of Anaheim,Los Angeles Angels of Anaheim,Angel Stadium,3365632,41551
2007,Minnesota,Twins,Minnesota Twins,Hubert H Humphrey Metrodome,2296383,28350
2007,New York,Yankees,New York Yankees,Yankee Stadium II,4271083,52729
2007,Oakland,Athletics,Oakland Athletics,McAfee Coliseum,1921844,23726
2007,Seattle,Mariners,Seattle Mariners,Safeco Field,2672223,32588
2007,Tampa,Bay Devil Rays,Tampa Bay Devil Rays,Tropicana Field,1387603,17131
2007,Texas,Rangers,Texas Rangers,Rangers Ballpark in Arlington,2353862,29060
2007,Toronto,Blue Jays,Toronto Blue Jays,Rogers Centre,2360644,29144
2007,Arizona,Diamondbacks,Arizona Diamondbacks,Chase Field,2325249,28707
2007,Atlanta,Braves,Atlanta Braves,Turner Field,2745207,33891
2007,Chicago,Cubs,Chicago Cubs,Wrigley Field,3252462,40154
2007,Cincinnati,Reds,Cincinnati Reds,Great American Ball Park,2058593,25415
2007,Colorado,Rockies,Colorado Rockies,Coors Field,2376250,28979
2007,Florida,Marlins,Florida Marlins,Dolphin Stadium,1370511,16920
2007,Houston,Astros,Houston Astros,Minute Maid Park,3020405,37289
2007,Los Angeles,Dodgers,Los Angeles Dodgers,Dodger Stadium,3857036,47618
2007,Milwaukee,Brewers,Milwaukee Brewers,Miller Park,2869144,35422
2007,New York,Mets,New York Mets,Shea Stadium,3853955,47580
2007,Philadelphia,Phillies,Philadelphia Phillies,Citizens Bank Park,3108325,38374
2007,Pittsburgh,Pirates,Pittsburgh Pirates,PNC Park,1749142,21594
2007,San Diego,Padres,San Diego Padres,Petco Park,2790074,34445
2007,San Francisco,Giants,San Francisco Giants,AT&T Park,3223215,39793
2007,St. Louis,Cardinals,St. Louis Cardinals,Busch Stadium III,3552180,43854
2007,Washington,Nationals,Washington Nationals,R.F.K. Stadium,1943812,23998
2008,Baltimore,Orioles,Baltimore Orioles,Oriole Park at Camden Yards,1950075,24075
2008,Boston,Red Sox,Boston Red Sox,Fenway Park II,3048250,37633
2008,Chicago,White Sox,Chicago White Sox,U.S. Cellular Field,2500648,30496
2008,Cleveland,Indians,Cleveland Indians,Jacobs Field,2169760,26787
2008,Detroit,Tigers,Detroit Tigers,Comerica Park,3202645,39539
2008,Kansas City,Royals,Kansas City Royals,Kauffman Stadium,1578922,19493
2008,Los Angeles,Angels of Anaheim,Los Angeles Angels of Anaheim,Angel Stadium,3336747,41194
2008,Minnesota,Twins,Minnesota Twins,Hubert H Humphrey Metrodome,2302431,28425
2008,New York,Yankees,New York Yankees,Yankee Stadium II,4298655,53070
2008,Oakland,Athletics,Oakland Athletics,McAfee Coliseum,1665256,20559
2008,Seattle,Mariners,Seattle Mariners,Safeco Field,2329702,28762
2008,Tampa,Bay Rays,Tampa Bay Rays,Tropicana Field,1811986,22370
2008,Texas,Rangers,Texas Rangers,Rangers Ballpark in Arlington,1945677,24021
2008,Toronto,Blue Jays,Toronto Blue Jays,Rogers Centre,2399786,29627
2008,Arizona,Diamondbacks,Arizona Diamondbacks,Chase Field,2509924,30987
2008,Atlanta,Braves,Atlanta Braves,Turner Field,2532834,31270
2008,Chicago,Cubs,Chicago Cubs,Wrigley Field,3300200,40743
2008,Cincinnati,Reds,Cincinnati Reds,Great American Ball Park,2058632,25415
2008,Colorado,Rockies,Colorado Rockies,Coors Field,2650218,32719
2008,Florida,Marlins,Florida Marlins,Dolphin Stadium,1335076,16482
2008,Houston,Astros,Houston Astros,Minute Maid Park,2779487,34744
2008,Los Angeles,Dodgers,Los Angeles Dodgers,Dodger Stadium,3730553,46056
2008,Milwaukee,Brewers,Milwaukee Brewers,Miller Park,3068458,37882
2008,New York,Mets,New York Mets,Shea Stadium,4042045,49902
2008,Philadelphia,Phillies,Philadelphia Phillies,Citizens Bank Park,3422583,42254
2008,Pittsburgh,Pirates,Pittsburgh Pirates,PNC Park,1609076,19865
2008,San Diego,Padres,San Diego Padres,Petco Park,2427535,29970
2008,San Francisco,Giants,San Francisco Giants,AT&T Park,2863837,35356
2008,St. Louis,Cardinals,St. Louis Cardinals,Busch Stadium III,3432917,42382
2008,Washington,Nationals,Washington Nationals,Nationals Park,2320400,29005
2009,Baltimore,Orioles,Baltimore Orioles,Oriole Park at Camden Yards,1907163,23545
2009,Boston,Red Sox,Boston Red Sox,Fenway Park II,3062699,37811
2009,Chicago,White Sox,Chicago White Sox,U.S. Cellular Field,2284163,28200
2009,Cleveland,Indians,Cleveland Indians,Jacobs Field,1766242,21805
2009,Detroit,Tigers,Detroit Tigers,Comerica Park,2567165,31693
2009,Kansas City,Royals,Kansas City Royals,Kauffman Stadium,1797891,22196
2009,Los Angeles,Angels of Anaheim,Los Angeles Angels of Anaheim,Angel Stadium,3240386,40005
2009,Minnesota,Twins,Minnesota Twins,Hubert H Humphrey Metrodome,2416237,29466
2009,New York,Yankees,New York Yankees,Yankee Stadium III,3719358,45918
2009,Oakland,Athletics,Oakland Athletics,Oakland-Alameda County Coliseum,1408783,17392
2009,Seattle,Mariners,Seattle Mariners,Safeco Field,2195533,27105
2009,Tampa,Bay Rays,Tampa Bay Rays,Tropicana Field,1874962,23148
2009,Texas,Rangers,Texas Rangers,Rangers Ballpark in Arlington,2156016,26617
2009,Toronto,Blue Jays,Toronto Blue Jays,Rogers Centre,1876129,23162
2009,Arizona,Diamondbacks,Arizona Diamondbacks,Chase Field,2128765,26281
2009,Atlanta,Braves,Atlanta Braves,Turner Field,2373631,29304
2009,Chicago,Cubs,Chicago Cubs,Wrigley Field,3168859,39611
2009,Cincinnati,Reds,Cincinnati Reds,Great American Ball Park,1747919,21579
2009,Colorado,Rockies,Colorado Rockies,Coors Field,2665080,32902
2009,Florida,Marlins,Florida Marlins,Dolphin Stadium,1464109,18075
2009,Houston,Astros,Houston Astros,Minute Maid Park,2521076,31124
2009,Los Angeles,Dodgers,Los Angeles Dodgers,Dodger Stadium,3761655,46440
2009,Milwaukee,Brewers,Milwaukee Brewers,Miller Park,3037451,37499
2009,New York,Mets,New York Mets,Citi Field,3168571,39118
2009,Philadelphia,Phillies,Philadelphia Phillies,Citizens Bank Park,3600693,44453
2009,Pittsburgh,Pirates,Pittsburgh Pirates,PNC Park,1577853,19480
2009,San Diego,Padres,San Diego Padres,Petco Park,1919603,23699
2009,San Francisco,Giants,San Francisco Giants,AT&T Park,2862110,35335
2009,St. Louis,Cardinals,St. Louis Cardinals,Busch Stadium III,3343252,41275
2009,Washington,Nationals,Washington Nationals,Nationals Park,1817226,22435
2010,Baltimore,Orioles,Baltimore Orioles,Oriole Park at Camden Yards,1733018,21395
2010,Boston,Red Sox,Boston Red Sox,Fenway Park II,3046443,37610
2010,Chicago,White Sox,Chicago White Sox,U.S. Cellular Field,2194378,27091
2010,Cleveland,Indians,Cleveland Indians,Jacobs Field,1394812,17220
2010,Detroit,Tigers,Detroit Tigers,Comerica Park,2461237,30386
2010,Kansas City,Royals,Kansas City Royals,Kauffman Stadium,1615324,19942
2010,Los Angeles,Angels of Anaheim,Los Angeles Angels of Anaheim,Angel Stadium,3250816,40134
2010,Minnesota,Twins,Minnesota Twins,Target Field,3223640,39798
2010,New York,Yankees,New York Yankees,Yankee Stadium III,3765807,46491
2010,Oakland,Athletics,Oakland Athletics,Oakland-Alameda County Coliseum,1418391,17511
2010,Seattle,Mariners,Seattle Mariners,Safeco Field,2085488,25747
2010,Tampa,Bay Rays,Tampa Bay Rays,Tropicana Field,1843445,22759
2010,Texas,Rangers,Texas Rangers,Rangers Ballpark in Arlington,2505171,30928
2010,Toronto,Blue Jays,Toronto Blue Jays,Rogers Centre,1625555,20840
2010,Arizona,Diamondbacks,Arizona Diamondbacks,Chase Field,2056941,25394
2010,Atlanta,Braves,Atlanta Braves,Turner Field,2510119,30989
2010,Chicago,Cubs,Chicago Cubs,Wrigley Field,3062973,37814
2010,Cincinnati,Reds,Cincinnati Reds,Great American Ball Park,2060550,25439
2010,Colorado,Rockies,Colorado Rockies,Coors Field,2875245,35497
2010,Florida,Marlins,Florida Marlins,Dolphin Stadium,1535226,18953
2010,Houston,Astros,Houston Astros,Minute Maid Park,2331490,28784
2010,Los Angeles,Dodgers,Los Angeles Dodgers,Dodger Stadium,3562320,43979
2010,Milwaukee,Brewers,Milwaukee Brewers,Miller Park,2776531,34278
2010,New York,Mets,New York Mets,Citi Field,2559738,31602
2010,Philadelphia,Phillies,Philadelphia Phillies,Citizens Bank Park,3647249,43420
2010,Pittsburgh,Pirates,Pittsburgh Pirates,PNC Park,1613399,19919
2010,San Diego,Padres,San Diego Padres,Petco Park,2131774,26318
2010,San Francisco,Giants,San Francisco Giants,AT&T Park,3037443,37499
2010,St. Louis,Cardinals,St. Louis Cardinals,Busch Stadium III,3301218,40756
2010,Washington,Nationals,Washington Nationals,Nationals Park,1828066,22569
2011,Baltimore,Orioles,Baltimore Orioles,Oriole Park at Camden Yards,1755461,21672
2011,Boston,Red Sox,Boston Red Sox,Fenway Park II,3054001,37704
2011,Chicago,White Sox,Chicago White Sox,U.S. Cellular Field,2001117,24705
2011,Cleveland,Indians,Cleveland Indians,Jacobs Field,1840835,22726
2011,Detroit,Tigers,Detroit Tigers,Comerica Park,2642045,32618
2011,Kansas City,Royals,Kansas City Royals,Kauffman Stadium,1724450,21290
2011,Los Angeles,Angels of Anaheim,Los Angeles Angels of Anaheim,Angel Stadium,3166321,39090
2011,Minnesota,Twins,Minnesota Twins,Target Field,3168116,39113
2011,New York,Yankees,New York Yankees,Yankee Stadium III,3653680,45107
2011,Oakland,Athletics,Oakland Athletics,Oakland-Alameda County Coliseum,1476791,18232
2011,Seattle,Mariners,Seattle Mariners,Safeco Field,1939421,23088
2011,Tampa,Bay Rays,Tampa Bay Rays,Tropicana Field,1529188,18879
2011,Texas,Rangers,Texas Rangers,Rangers Ballpark in Arlington,2946949,36382
2011,Toronto,Blue Jays,Toronto Blue Jays,Rogers Centre,1818103,22446
2011,Arizona,Diamondbacks,Arizona Diamondbacks,Chase Field,2105432,25993
2011,Atlanta,Braves,Atlanta Braves,Turner Field,2372940,29296
2011,Chicago,Cubs,Chicago Cubs,Wrigley Field,3017966,37259
2011,Cincinnati,Reds,Cincinnati Reds,Great American Ball Park,2213588,27328
2011,Colorado,Rockies,Colorado Rockies,Coors Field,2909777,35923
2011,Florida,Marlins,Florida Marlins,Sun Life Stadium,1477462,18942
2011,Houston,Astros,Houston Astros,Minute Maid Park,2067016,25519
2011,Los Angeles,Dodgers,Los Angeles Dodgers,Dodger Stadium,2935139,36236
2011,Milwaukee,Brewers,Milwaukee Brewers,Miller Park,3071373,37918
2011,New York,Mets,New York Mets,Citi Field,2352596,29044
2011,Philadelphia,Phillies,Philadelphia Phillies,Citizens Bank Park,3680718,45441
2011,Pittsburgh,Pirates,Pittsburgh Pirates,PNC Park,1940429,23956
2011,San Diego,Padres,San Diego Padres,Petco Park,2143018,26457
2011,San Francisco,Giants,San Francisco Giants,AT&T Park,3387303,41819
2011,St. Louis,Cardinals,St. Louis Cardinals,Busch Stadium III,3093954,38197
2011,Washington,Nationals,Washington Nationals,Nationals Park,1940478,24256
2012,Baltimore,Orioles,Baltimore Orioles,Oriole Park at Camden Yards,2102240,25954
2012,Boston,Red Sox,Boston Red Sox,Fenway Park II,3043003,37568
2012,Chicago,White Sox,Chicago White Sox,U.S. Cellular Field,1965955,24271
2012,Cleveland,Indians,Cleveland Indians,Progressive Field,1603596,19797
2012,Detroit,Tigers,Detroit Tigers,Comerica Park,3028033,37383
2012,Kansas City,Royals,Kansas City Royals,Kauffman Stadium,1739859,21480
2012,Los Angeles,Angels of Anaheim,Los Angeles Angels of Anaheim,Angel Stadium of Anaheim,3061770,37800
2012,Minnesota,Twins,Minnesota Twins,Target Field,2776354,34276
2012,New York,Yankees,New York Yankees,Yankee Stadium III,3542406,43733
2012,Oakland,Athletics,Oakland Athletics,O.co Coliseum,1679013,20729
2012,Seattle,Mariners,Seattle Mariners,Safeco Field,1721920,21258
2012,Tampa,Bay Rays,Tampa Bay Rays,Tropicana Field,1559681,19255
2012,Texas,Rangers,Texas Rangers,Rangers Ballpark in Arlington,3460280,42720
2012,Toronto,Blue Jays,Toronto Blue Jays,Rogers Centre,2099663,25922
2012,Arizona,Diamondbacks,Arizona Diamondbacks,Chase Field,2177617,26884
2012,Atlanta,Braves,Atlanta Braves,Turner Field,2420171,29879
2012,Chicago,Cubs,Chicago Cubs,Wrigley Field,2882756,35590
2012,Cincinnati,Reds,Cincinnati Reds,Great American Ball Park,2347251,28978
2012,Colorado,Rockies,Colorado Rockies,Coors Field,2630458,32475
2012,Houston,Astros,Houston Astros,Minute Maid Park,1607733,19849
2012,Los Angeles,Dodgers,Los Angeles Dodgers,Dodger Stadium,3324246,41040
2012,Miami,Marlins,Miami Marlins,Marlins Park,2219444,27401
2012,Milwaukee,Brewers,Milwaukee Brewers,Miller Park,2831385,34955
2012,New York,Mets,New York Mets,Citi Field,2242803,27689
2012,Philadelphia,Phillies,Philadelphia Phillies,Citizens Bank Park,3565718,44021
2012,Pittsburgh,Pirates,Pittsburgh Pirates,PNC Park,2091918,25826
2012,San Diego,Padres,San Diego Padres,Petco Park,2123721,26219
2012,San Francisco,Giants,San Francisco Giants,AT&T Park,3377371,41696
2012,St. Louis,Cardinals,St. Louis Cardinals,Busch Stadium III,3262109,40273
2012,Washington,Nationals,Washington Nationals,Nationals Park,2370794,29269
2013,Baltimore,Orioles,Baltimore Orioles,Oriole Park at Camden Yards,2357561,29106
2013,Boston,Red Sox,Boston Red Sox,Fenway Park II,2833333,34979
2013,Chicago,White Sox,Chicago White Sox,U.S. Cellular Field,1768413,21832
2013,Cleveland,Indians,Cleveland Indians,Progressive Field,1572926,19419
2013,Detroit,Tigers,Detroit Tigers,Comerica Park,3083397,38067
2013,Houston,Astros,Houston Astros,Minute Maid Park,1651883,20394
2013,Kansas City,Royals,Kansas City Royals,Kauffman Stadium,1750754,21614
2013,Los Angeles,Angels of Anaheim,Los Angeles Angels of Anaheim,Angel Stadium of Anaheim,3019505,37278
2013,Minnesota,Twins,Minnesota Twins,Target Field,2477644,30588
2013,New York,Yankees,New York Yankees,Yankee Stadium III,3279589,40489
2013,Oakland,Athletics,Oakland Athletics,O.co Coliseum,1809302,22337
2013,Seattle,Mariners,Seattle Mariners,Safeco Field,1761546,21747
2013,Tampa,Bay Rays,Tampa Bay Rays,Tropicana Field,1510300,18646
2013,Texas,Rangers,Texas Rangers,Rangers Ballpark in Arlington,3178273,38759
2013,Toronto,Blue Jays,Toronto Blue Jays,Rogers Centre,2536562,31316
2013,Arizona,Diamondbacks,Arizona Diamondbacks,Chase Field,2134795,26355
2013,Atlanta,Braves,Atlanta Braves,Turner Field,2548679,31465
2013,Chicago,Cubs,Chicago Cubs,Wrigley Field,2642682,32626
2013,Cincinnati,Reds,Cincinnati Reds,Great American Ball Park,2534369,31680
2013,Colorado,Rockies,Colorado Rockies,Coors Field,2793828,34492
2013,Los Angeles,Dodgers,Los Angeles Dodgers,Dodger Stadium,3743527,46216
2013,Miami,Marlins,Miami Marlins,Marlins Park,1586322,19584
2013,Milwaukee,Brewers,Milwaukee Brewers,Miller Park,2531105,31248
2013,New York,Mets,New York Mets,Citi Field,2135657,26366
2013,Philadelphia,Phillies,Philadelphia Phillies,Citizens Bank Park,3012403,37190
2013,Pittsburgh,Pirates,Pittsburgh Pirates,PNC Park,2256862,27862
2013,San Diego,Padres,San Diego Padres,Petco Park,2166691,26749
2013,San Francisco,Giants,San Francisco Giants,AT&T Park,3326796,40571
2013,St. Louis,Cardinals,St. Louis Cardinals,Busch Stadium III,3369769,41602
2013,Washington,Nationals,Washington Nationals,Nationals Park,2652422,32746
2014,Baltimore,Orioles,Baltimore Orioles,Oriole Park at Camden Yards,2464473,30426
2014,Boston,Red Sox,Boston Red Sox,Fenway Park II,2956089,36495
2014,Chicago,White Sox,Chicago White Sox,U.S. Cellular Field,1650821,20381
2014,Cleveland,Indians,Cleveland Indians,Progressive Field,1437393,17746
2014,Detroit,Tigers,Detroit Tigers,Comerica Park,2917209,36015
2014,Houston,Astros,Houston Astros,Minute Maid Park,1751829,21628
2014,Kansas City,Royals,Kansas City Royals,Kauffman Stadium,1956482,24154
2014,Los Angeles,Angels of Anaheim,Los Angeles Angels of Anaheim,Angel Stadium of Anaheim,3095935,38221
2014,Minnesota,Twins,Minnesota Twins,Target Field,2250606,27785
2014,New York,Yankees,New York Yankees,Yankee Stadium III,3401624,41995
2014,Oakland,Athletics,Oakland Athletics,O.co Coliseum,2003628,24736
2014,Seattle,Mariners,Seattle Mariners,Safeco Field,2064334,25486
2014,Tampa,Bay Rays,Tampa Bay Rays,Tropicana Field,1446464,17858
2014,Texas,Rangers,Texas Rangers,Globe Life Park in Arlington,2718733,33565
2014,Toronto,Blue Jays,Toronto Blue Jays,Rogers Centre,2375525,29327
2014,Arizona,Diamondbacks,Arizona Diamondbacks,Chase Field,2073730,25602
2014,Atlanta,Braves,Atlanta Braves,Turner Field,2354305,29065
2014,Chicago,Cubs,Chicago Cubs,Wrigley Field,2652113,32742
2014,Cincinnati,Reds,Cincinnati Reds,Great American Ball Park,2476664,30576
2014,Colorado,Rockies,Colorado Rockies,Coors Field,2680329,33090
2014,Los Angeles,Dodgers,Los Angeles Dodgers,Dodger Stadium,3782337,46696
2014,Miami,Marlins,Miami Marlins,Marlins Park,1732283,21386
2014,Milwaukee,Brewers,Milwaukee Brewers,Miller Park,2797384,34536
2014,New York,Mets,New York Mets,Citi Field,2148808,26528
2014,Philadelphia,Phillies,Philadelphia Phillies,Citizens Bank Park,2423852,29924
2014,Pittsburgh,Pirates,Pittsburgh Pirates,PNC Park,2442564,30155
2014,San Diego,Padres,San Diego Padres,Petco Park,2195373,27103
2014,San Francisco,Giants,San Francisco Giants,AT&T Park,3368697,41589
2014,St. Louis,Cardinals,St. Louis Cardinals,Busch Stadium III,3540649,43712
2014,Washington,Nationals,Washington Nationals,Nationals Park,2579389,31844
2015,Baltimore,Orioles,Baltimore Orioles,Oriole Park at Camden Yards,2281202,29246
2015,Boston,Red Sox,Boston Red Sox,Fenway Park II,2880694,35564
2015,Chicago,White Sox,Chicago White Sox,U.S. Cellular Field,1755810,21677
2015,Cleveland,Indians,Cleveland Indians,Progressive Field,1388905,17361
2015,Detroit,Tigers,Detroit Tigers,Comerica Park,2726048,33655
2015,Houston,Astros,Houston Astros,Minute Maid Park,2153585,26587
2015,Kansas City,Royals,Kansas City Royals,Kauffman Stadium,2708549,33439
2015,Los Angeles,Angels of Anaheim,Los Angeles Angels of Anaheim,Angel Stadium of Anaheim,3012765,37195
2015,Minnesota,Twins,Minnesota Twins,Target Field,2220054,27408
2015,New York,Yankees,New York Yankees,Yankee Stadium III,3193795,39430
2015,Oakland,Athletics,Oakland Athletics,O.co Coliseum,1768175,21829
2015,Seattle,Mariners,Seattle Mariners,Safeco Field,2193581,27081
2015,Tampa,Bay Rays,Tampa Bay Rays,Tropicana Field,1287054,15322
2015,Texas,Rangers,Texas Rangers,Globe Life Park in Arlington,2491875,30764
2015,Toronto,Blue Jays,Toronto Blue Jays,Rogers Centre,2794891,34505
2015,Arizona,Diamondbacks,Arizona Diamondbacks,Chase Field,2080145,25681
2015,Atlanta,Braves,Atlanta Braves,Turner Field,2001392,24709
2015,Chicago,Cubs,Chicago Cubs,Wrigley Field,2919122,36039
2015,Cincinnati,Reds,Cincinnati Reds,Great American Ball Park,2419506,29870
2015,Colorado,Rockies,Colorado Rockies,Coors Field,2506789,30948
2015,Los Angeles,Dodgers,Los Angeles Dodgers,Dodger Stadium,3764815,46479
2015,Miami,Marlins,Miami Marlins,Marlins Park,1752235,21633
2015,Milwaukee,Brewers,Milwaukee Brewers,Miller Park,2542558,31390
2015,New York,Mets,New York Mets,Citi Field,2569753,31725
2015,Philadelphia,Phillies,Philadelphia Phillies,Citizens Bank Park,1831080,22606
2015,Pittsburgh,Pirates,Pittsburgh Pirates,PNC Park,2498596,30847
2015,San Diego,Padres,San Diego Padres,Petco Park,2459742,30367
2015,San Francisco,Giants,San Francisco Giants,AT&T Park,3375882,41678
2015,St. Louis,Cardinals,St. Louis Cardinals,Busch Stadium III,3520889,43468
2015,Washington,Nationals,Washington Nationals,Nationals Park,2619843,32344
2016,Baltimore,Orioles,Baltimore Orioles,Oriole Park at Camden Yards,2172344,26819
2016,Boston,Red Sox,Boston Red Sox,Fenway Park II,2955434,36487
2016,Chicago,White Sox,Chicago White Sox,U.S. Cellular Field,1746293,21559
2016,Cleveland,Indians,Cleveland Indians,Progressive Field,1591667,19896
2016,Detroit,Tigers,Detroit Tigers,Comerica Park,2493859,30788
2016,Houston,Astros,Houston Astros,Minute Maid Park,2306623,28477
2016,Kansas City,Royals,Kansas City Royals,Kauffman Stadium,2557712,31577
2016,Los Angeles,Angels of Anaheim,Los Angeles Angels of Anaheim,Angel Stadium of Anaheim,3016142,37236
2016,Minnesota,Twins,Minnesota Twins,Target Field,1963912,24246
2016,New York,Yankees,New York Yankees,Yankee Stadium III,3063405,37820
2016,Oakland,Athletics,Oakland Athletics,O.co Coliseum,1521506,18784
2016,Seattle,Mariners,Seattle Mariners,Safeco Field,2267928,27999
2016,Tampa,Bay Rays,Tampa Bay Rays,Tropicana Field,1286163,15879
2016,Texas,Rangers,Texas Rangers,Globe Life Park in Arlington,2710402,33462
2016,Toronto,Blue Jays,Toronto Blue Jays,Rogers Centre,3392099,41878
2016,Arizona,Diamondbacks,Arizona Diamondbacks,Chase Field,2036216,25138
2016,Atlanta,Braves,Atlanta Braves,Turner Field,2020914,24950
2016,Chicago,Cubs,Chicago Cubs,Wrigley Field,3232420,39906
2016,Cincinnati,Reds,Cincinnati Reds,Great American Ball Park,1894085,23384
2016,Colorado,Rockies,Colorado Rockies,Coors Field,2602524,32130
2016,Los Angeles,Dodgers,Los Angeles Dodgers,Dodger Stadium,3703312,45720
2016,Miami,Marlins,Miami Marlins,Marlins Park,1712417,21405
2016,Milwaukee,Brewers,Milwaukee Brewers,Miller Park,2314614,28575
2016,New York,Mets,New York Mets,Citi Field,2789602,34440
2016,Philadelphia,Phillies,Philadelphia Phillies,Citizens Bank Park,1915144,23644
2016,Pittsburgh,Pirates,Pittsburgh Pirates,PNC Park,2249201,27768
2016,San Diego,Padres,San Diego Padres,Petco Park,2351422,29030
2016,San Francisco,Giants,San Francisco Giants,AT&T Park,3365256,41546
2016,St. Louis,Cardinals,St. Louis Cardinals,Busch Stadium III,3444490,42525
2016,Washington,Nationals,Washington Nationals,Nationals Park,2481938,30641
2017,Baltimore,Orioles,Baltimore Orioles,Oriole Park at Camden Yards,2028424,25042
2017,Boston,Red Sox,Boston Red Sox,Fenway Park II,2917678,36021
2017,Chicago,White Sox,Chicago White Sox,Guaranteed Rate Field,1629470,20117
2017,Cleveland,Indians,Cleveland Indians,Progressive Field,2048138,25286
2017,Detroit,Tigers,Detroit Tigers,Comerica Park,2321599,28662
2017,Houston,Astros,Houston Astros,Minute Maid Park,2403671,29675
2017,Kansas City,Royals,Kansas City Royals,Kauffman Stadium,2220370,27412
2017,Los Angeles,Angels of Anaheim,Los Angeles Angels of Anaheim,Angel Stadium of Anaheim,3019585,37279
2017,Minnesota,Twins,Minnesota Twins,Target Field,2051279,25324
2017,New York,Yankees,New York Yankees,Yankee Stadium III,3146966,38851
2017,Oakland,Athletics,Oakland Athletics,O.co Coliseum,1475721,18219
2017,Seattle,Mariners,Seattle Mariners,Safeco Field,2135445,26364
2017,Tampa,Bay Rays,Tampa Bay Rays,Tropicana Field,1253619,15477
2017,Texas,Rangers,Texas Rangers,Globe Life Park in Arlington,2507760,30960
2017,Toronto,Blue Jays,Toronto Blue Jays,Rogers Centre,3203886,39554
2017,Arizona,Diamondbacks,Arizona Diamondbacks,Chase Field,2134375,26350
2017,Atlanta,Braves,Atlanta Braves,SunTrust Park,2505252,30929
2017,Chicago,Cubs,Chicago Cubs,Wrigley Field,3199562,39501
2017,Cincinnati,Reds,Cincinnati Reds,Great American Ball Park,1836917,22678
2017,Colorado,Rockies,Colorado Rockies,Coors Field,2953650,36465
2017,Los Angeles,Dodgers,Los Angeles Dodgers,Dodger Stadium,3765856,46492
2017,Miami,Marlins,Miami Marlins,Marlins Park,1583014,20295
2017,Milwaukee,Brewers,Milwaukee Brewers,Miller Park,2627705,31282
2017,New York,Mets,New York Mets,Citi Field,2460622,30378
2017,Philadelphia,Phillies,Philadelphia Phillies,Citizens Bank Park,1905354,23523
2017,Pittsburgh,Pirates,Pittsburgh Pirates,PNC Park,1919447,23697
2017,San Diego,Padres,San Diego Padres,Petco Park,2138491,26401
2017,San Francisco,Giants,San Francisco Giants,AT&T Park,3303652,40786
2017,St. Louis,Cardinals,St. Louis Cardinals,Busch Stadium III,3447937,42567
2017,Washington,Nationals,Washington Nationals,Nationals Park,2524980,31173
2018,Baltimore,Orioles,Baltimore Orioles,Oriole Park at Camden Yards,1564192,19311
2018,Boston,Red Sox,Boston Red Sox,Fenway Park II,2895575,35748
2018,Chicago,White Sox,Chicago White Sox,Guaranteed Rate Field,1608817,19862
2018,Cleveland,Indians,Cleveland Indians,Progressive Field,1926701,23786
2018,Detroit,Tigers,Detroit Tigers,Comerica Park,1856970,22926
2018,Houston,Astros,Houston Astros,Minute Maid Park,2980549,36797
2018,Kansas City,Royals,Kansas City Royals,Kauffman Stadium,1665107,20557
2018,Los Angeles,Angels of Anaheim,Los Angeles Angels of Anaheim,Angel Stadium of Anaheim,3020216,37287
2018,Minnesota,Twins,Minnesota Twins,Target Field,1959197,24188
2018,New York,Yankees,New York Yankees,Yankee Stadium III,3482855,42998
2018,Oakland,Athletics,Oakland Athletics,O.co Coliseum,1573616,19427
2018,Seattle,Mariners,Seattle Mariners,Safeco Field,2299489,28389
2018,Tampa,Bay Rays,Tampa Bay Rays,Tropicana Field,1154973,14259
2018,Texas,Rangers,Texas Rangers,Globe Life Park in Arlington,2107107,26014
2018,Toronto,Blue Jays,Toronto Blue Jays,Rogers Centre,2325281,28707
2018,Arizona,Diamondbacks,Arizona Diamondbacks,Chase Field,2242695,27688
2018,Atlanta,Braves,Atlanta Braves,SunTrust Park,2555781,31553
2018,Chicago,Cubs,Chicago Cubs,Wrigley Field,3181089,38794
2018,Cincinnati,Reds,Cincinnati Reds,Great American Ball Park,1629356,20116
2018,Colorado,Rockies,Colorado Rockies,Coors Field,3015880,37233
2018,Los Angeles,Dodgers,Los Angeles Dodgers,Dodger Stadium,3857500,47043
2018,Miami,Marlins,Miami Marlins,Marlins Park,811104,10014
2018,Milwaukee,Brewers,Milwaukee Brewers,Miller Park,2850875,35196
2018,New York,Mets,New York Mets,Citi Field,2224995,27469
2018,Philadelphia,Phillies,Philadelphia Phillies,Citizens Bank Park,2158124,26644
2018,Pittsburgh,Pirates,Pittsburgh Pirates,PNC Park,1465316,18316
2018,San Diego,Padres,San Diego Padres,Petco Park,2168536,26772
2018,San Francisco,Giants,San Francisco Giants,AT&T Park,3156185,38965
2018,St. Louis,Cardinals,St. Louis Cardinals,Busch Stadium III,3403587,42020
2018,Washington,Nationals,Washington Nationals,Nationals Park,2529604,31230
2019,Baltimore,Orioles,Baltimore Orioles,Oriole Park at Camden Yards,1307807,16146
2019,Boston,Red Sox,Boston Red Sox,Fenway Park II,2924627,36107
2019,Chicago,White Sox,Chicago White Sox,Guaranteed Rate Field,1649775,20622
2019,Cleveland,Indians,Cleveland Indians,Progressive Field,1738642,21465
2019,Detroit,Tigers,Detroit Tigers,Comerica Park,1501430,18536
2019,Houston,Astros,Houston Astros,Minute Maid Park,2857367,35276
2019,Kansas City,Royals,Kansas City Royals,Kauffman Stadium,1479659,18267
2019,Los Angeles,Angels of Anaheim,Los Angeles Angels of Anaheim,Angel Stadium of Anaheim,3019012,37272
2019,Minnesota,Twins,Minnesota Twins,Target Field,2294152,28323
2019,New York,Yankees,New York Yankees,Yankee Stadium III,3304404,40795
2019,Oakland,Athletics,Oakland Athletics,O.co Coliseum,1662211,20521
2019,Seattle,Mariners,Seattle Mariners,T-Mobile Park,1791863,22122
2019,Tampa,Bay Rays,Tampa Bay Rays,Tropicana Field,1178735,14552
2019,Texas,Rangers,Texas Rangers,Globe Life Park in Arlington,2132994,26333
2019,Toronto,Blue Jays,Toronto Blue Jays,Rogers Centre,1750114,21606
2019,Arizona,Diamondbacks,Arizona Diamondbacks,Chase Field,2135510,26364
2019,Atlanta,Braves,Atlanta Braves,SunTrust Park,2655100,32779
2019,Chicago,Cubs,Chicago Cubs,Wrigley Field,3094865,38208
2019,Cincinnati,Reds,Cincinnati Reds,Great American Ball Park,1808685,22329
2019,Colorado,Rockies,Colorado Rockies,Coors Field,2993244,36954
2019,Los Angeles,Dodgers,Los Angeles Dodgers,Dodger Stadium,3974309,49066
2019,Miami,Marlins,Miami Marlins,Marlins Park,811302,10016
2019,Milwaukee,Brewers,Milwaukee Brewers,Miller Park,2923333,36091
2019,New York,Mets,New York Mets,Citi Field,2442532,30155
2019,Philadelphia,Phillies,Philadelphia Phillies,Citizens Bank Park,2727421,33672
2019,Pittsburgh,Pirates,Pittsburgh Pirates,PNC Park,1491439,18413
2019,San Diego,Padres,San Diego Padres,Petco Park,2396399,29585
2019,San Francisco,Giants,San Francisco Giants,Oracle Park,2707760,33429
2019,St. Louis,Cardinals,St. Louis Cardinals,Busch Stadium III,3480393,42968
2019,Washington,Nationals,Washington Nationals,Nationals Park,2259781,27899
2020,Baltimore,Orioles,Baltimore Orioles,Oriole Park at Camden Yards,,
2020,Boston,Red Sox,Boston Red Sox,Fenway Park II,,
2020,Chicago,White Sox,Chicago White Sox,Guaranteed Rate Field,,
2020,Cleveland,Indians,Cleveland Indians,Progressive Field,,
2020,Detroit,Tigers,Detroit Tigers,Comerica Park,,
2020,Houston,Astros,Houston Astros,Minute Maid Park,,
2020,Kansas City,Royals,Kansas City Royals,Kauffman Stadium,,
2020,Los Angeles,Angels of Anaheim,Los Angeles Angels of Anaheim,Angel Stadium of Anaheim,,
2020,Minnesota,Twins,Minnesota Twins,Target Field,,
2020,New York,Yankees,New York Yankees,Yankee Stadium III,,
2020,Oakland,Athletics,Oakland Athletics,O.co Coliseum,,
2020,Seattle,Mariners,Seattle Mariners,T-Mobile Park,,
2020,Tampa,Bay Rays,Tampa Bay Rays,Tropicana Field,,
2020,Texas,Rangers,Texas Rangers,Globe Life Field,,
2020,Toronto,Blue Jays,Toronto Blue Jays,Sahlen Field,,
2020,Arizona,Diamondbacks,Arizona Diamondbacks,Chase Field,,
2020,Atlanta,Braves,Atlanta Braves,SunTrust Park,,
2020,Chicago,Cubs,Chicago Cubs,Wrigley Field,,
2020,Cincinnati,Reds,Cincinnati Reds,Great American Ball Park,,
2020,Colorado,Rockies,Colorado Rockies,Coors Field,,
2020,Los Angeles,Dodgers,Los Angeles Dodgers,Dodger Stadium,,
2020,Miami,Marlins,Miami Marlins,Marlins Park,,
2020,Milwaukee,Brewers,Milwaukee Brewers,Miller Park,,
2020,New York,Mets,New York Mets,Citi Field,,
2020,Philadelphia,Phillies,Philadelphia Phillies,Citizens Bank Park,,
2020,Pittsburgh,Pirates,Pittsburgh Pirates,PNC Park,,
2020,San Diego,Padres,San Diego Padres,Petco Park,,
2020,San Francisco,Giants,San Francisco Giants,Oracle Park,,
2020,St. Louis,Cardinals,St. Louis Cardinals,Busch Stadium III,,
2020,Washington,Nationals,Washington Nationals,Nationals Park,,
2021,Baltimore,Orioles,Baltimore Orioles,Oriole Park at Camden Yards,793229,9793
2021,Boston,Red Sox,Boston Red Sox,Fenway Park II,1725323,21300
2021,Chicago,White Sox,Chicago White Sox,Guaranteed Rate Field,1596385,19708
2021,Cleveland,Indians,Cleveland Indians,Progressive Field,1114368,13758
2021,Detroit,Tigers,Detroit Tigers,Comerica Park,1102621,13613
2021,Houston,Astros,Houston Astros,Minute Maid Park,2068509,25537
2021,Kansas City,Royals,Kansas City Royals,Kauffman Stadium,1159613,14316
2021,Los Angeles,Angels of Anaheim,Los Angeles Angels of Anaheim,Angel Stadium of Anaheim,1515689,18484
2021,Minnesota,Twins,Minnesota Twins,Target Field,1310199,16175
2021,New York,Yankees,New York Yankees,Yankee Stadium III,1959854,24196
2021,Oakland,Athletics,Oakland Athletics,O.co Coliseum,701430,8660
2021,Seattle,Mariners,Seattle Mariners,T-Mobile Park,1215985,15012
2021,Tampa,Bay Rays,Tampa Bay Rays,Tropicana Field,761072,9396
2021,Texas,Rangers,Texas Rangers,Globe Life Field,2110258,26053
2021,Toronto,Blue Jays,Toronto Blue Jays,Rogers Centre,805901,10074
2021,Arizona,Diamondbacks,Arizona Diamondbacks,Chase Field,1043010,12877
2021,Atlanta,Braves,Atlanta Braves,SunTrust Park,2300247,28753
2021,Chicago,Cubs,Chicago Cubs,Wrigley Field,1978934,24431
2021,Cincinnati,Reds,Cincinnati Reds,Great American Ball Park,1505024,18581
2021,Colorado,Rockies,Colorado Rockies,Coors Field,1938645,23934
2021,Los Angeles,Dodgers,Los Angeles Dodgers,Dodger Stadium,2804693,34626
2021,Miami,Marlins,Miami Marlins,Marlins Park,642617,7934
2021,Milwaukee,Brewers,Milwaukee Brewers,Miller Park,1824282,22522
2021,New York,Mets,New York Mets,Citi Field,1511926,18666
2021,Philadelphia,Phillies,Philadelphia Phillies,Citizens Bank Park,1515890,18715
2021,Pittsburgh,Pirates,Pittsburgh Pirates,PNC Park,859498,10611
2021,San Diego,Padres,San Diego Padres,Petco Park,2191950,27061
2021,San Francisco,Giants,San Francisco Giants,Oracle Park,1679484,20734
2021,St. Louis,Cardinals,St. Louis Cardinals,Busch Stadium III,2102530,25957
2021,Washington,Nationals,Washington Nationals,Nationals Park,1465543,18093
2022,Baltimore,Orioles,Baltimore Orioles,Oriole Park at Camden Yards,1368367,16893
2022,Boston,Red Sox,Boston Red Sox,Fenway Park II,2625089,32409
2022,Chicago,White Sox,Chicago White Sox,Guaranteed Rate Field,2009359,24807
2022,Cleveland,Guardians,Cleveland Guardians,Progressive Field,1295870,15998
2022,Detroit,Tigers,Detroit Tigers,Comerica Park,1575544,19214
2022,Houston,Astros,Houston Astros,Minute Maid Park,2688998,33198
2022,Kansas City,Royals,Kansas City Royals,Kauffman Stadium,1277686,15774
2022,Los Angeles,Angels of Anaheim,Los Angeles Angels of Anaheim,Angel Stadium of Anaheim,2457461,30339
2022,Minnesota,Twins,Minnesota Twins,Target Field,1801128,22236
2022,New York,Yankees,New York Yankees,Yankee Stadium III,3136207,38719
2022,Oakland,Athletics,Oakland Athletics,O.co Coliseum,787902,9849
2022,Seattle,Mariners,Seattle Mariners,T-Mobile Park,2287267,28238
2022,Tampa,Bay Rays,Tampa Bay Rays,Tropicana Field,1128127,13927
2022,Texas,Rangers,Texas Rangers,Globe Life Field,2011361,24832
2022,Toronto,Blue Jays,Toronto Blue Jays,Rogers Centre,2653830,32763
2022,Arizona,Diamondbacks,Arizona Diamondbacks,Chase Field,1605199,19817
2022,Atlanta,Braves,Atlanta Braves,SunTrust Park,3129931,38641
2022,Chicago,Cubs,Chicago Cubs,Wrigley Field,2616780,32306
2022,Cincinnati,Reds,Cincinnati Reds,Great American Ball Park,1395770,17232
2022,Colorado,Rockies,Colorado Rockies,Coors Field,2597428,32067
2022,Los Angeles,Dodgers,Los Angeles Dodgers,Dodger Stadium,3861408,47672
2022,Miami,Marlins,Miami Marlins,Marlins Park,907487,11204
2022,Milwaukee,Brewers,Milwaukee Brewers,Miller Park,2422420,29906
2022,New York,Mets,New York Mets,Citi Field,2564737,31663
2022,Philadelphia,Phillies,Philadelphia Phillies,Citizens Bank Park,2276736,28108
2022,Pittsburgh,Pirates,Pittsburgh Pirates,PNC Park,1257458,15524
2022,San Diego,Padres,San Diego Padres,Petco Park,2987470,36882
2022,San Francisco,Giants,San Francisco Giants,Oracle Park,2482686,30650
2022,St. Louis,Cardinals,St. Louis Cardinals,Busch Stadium III,3320551,40994
2022,Washington,Nationals,Washington Nationals,Nationals Park,2026401,25017
